"job_id","job_title","company_name","skills","job_country","salary_year_avg"
226942,"Data Analyst","Mantys","","India","650000.0"
547382,"Director of Analytics","Meta","","United States","336500.0"
552322,"Associate Director- Data Insights","AT&T","sql","United States","255829.5"
552322,"Associate Director- Data Insights","AT&T","python","United States","255829.5"
552322,"Associate Director- Data Insights","AT&T","r","United States","255829.5"
552322,"Associate Director- Data Insights","AT&T","azure","United States","255829.5"
552322,"Associate Director- Data Insights","AT&T","databricks","United States","255829.5"
552322,"Associate Director- Data Insights","AT&T","aws","United States","255829.5"
552322,"Associate Director- Data Insights","AT&T","pandas","United States","255829.5"
552322,"Associate Director- Data Insights","AT&T","pyspark","United States","255829.5"
552322,"Associate Director- Data Insights","AT&T","jupyter","United States","255829.5"
552322,"Associate Director- Data Insights","AT&T","excel","United States","255829.5"
552322,"Associate Director- Data Insights","AT&T","tableau","United States","255829.5"
552322,"Associate Director- Data Insights","AT&T","power bi","United States","255829.5"
552322,"Associate Director- Data Insights","AT&T","powerpoint","United States","255829.5"
99305,"Data Analyst, Marketing","Pinterest Job Advertisements","sql","United States","232423.0"
99305,"Data Analyst, Marketing","Pinterest Job Advertisements","python","United States","232423.0"
99305,"Data Analyst, Marketing","Pinterest Job Advertisements","r","United States","232423.0"
99305,"Data Analyst, Marketing","Pinterest Job Advertisements","hadoop","United States","232423.0"
99305,"Data Analyst, Marketing","Pinterest Job Advertisements","tableau","United States","232423.0"
1021647,"Data Analyst (Hybrid/Remote)","Uclahealthcareers","sql","United States","217000.0"
1021647,"Data Analyst (Hybrid/Remote)","Uclahealthcareers","crystal","United States","217000.0"
1021647,"Data Analyst (Hybrid/Remote)","Uclahealthcareers","oracle","United States","217000.0"
1021647,"Data Analyst (Hybrid/Remote)","Uclahealthcareers","tableau","United States","217000.0"
1021647,"Data Analyst (Hybrid/Remote)","Uclahealthcareers","flow","United States","217000.0"
168310,"Principal Data Analyst (Remote)","SmartAsset","sql","United States","205000.0"
168310,"Principal Data Analyst (Remote)","SmartAsset","python","United States","205000.0"
168310,"Principal Data Analyst (Remote)","SmartAsset","go","United States","205000.0"
168310,"Principal Data Analyst (Remote)","SmartAsset","snowflake","United States","205000.0"
168310,"Principal Data Analyst (Remote)","SmartAsset","pandas","United States","205000.0"
168310,"Principal Data Analyst (Remote)","SmartAsset","numpy","United States","205000.0"
168310,"Principal Data Analyst (Remote)","SmartAsset","excel","United States","205000.0"
168310,"Principal Data Analyst (Remote)","SmartAsset","tableau","United States","205000.0"
168310,"Principal Data Analyst (Remote)","SmartAsset","gitlab","United States","205000.0"
731368,"Director, Data Analyst - HYBRID","Inclusively","sql","United States","189309.0"
731368,"Director, Data Analyst - HYBRID","Inclusively","python","United States","189309.0"
731368,"Director, Data Analyst - HYBRID","Inclusively","azure","United States","189309.0"
731368,"Director, Data Analyst - HYBRID","Inclusively","aws","United States","189309.0"
731368,"Director, Data Analyst - HYBRID","Inclusively","oracle","United States","189309.0"
731368,"Director, Data Analyst - HYBRID","Inclusively","snowflake","United States","189309.0"
731368,"Director, Data Analyst - HYBRID","Inclusively","tableau","United States","189309.0"
731368,"Director, Data Analyst - HYBRID","Inclusively","power bi","United States","189309.0"
731368,"Director, Data Analyst - HYBRID","Inclusively","sap","United States","189309.0"
731368,"Director, Data Analyst - HYBRID","Inclusively","jenkins","United States","189309.0"
731368,"Director, Data Analyst - HYBRID","Inclusively","bitbucket","United States","189309.0"
731368,"Director, Data Analyst - HYBRID","Inclusively","atlassian","United States","189309.0"
731368,"Director, Data Analyst - HYBRID","Inclusively","jira","United States","189309.0"
731368,"Director, Data Analyst - HYBRID","Inclusively","confluence","United States","189309.0"
310660,"Principal Data Analyst, AV Performance Analysis","Motional","sql","United States","189000.0"
310660,"Principal Data Analyst, AV Performance Analysis","Motional","python","United States","189000.0"
310660,"Principal Data Analyst, AV Performance Analysis","Motional","r","United States","189000.0"
310660,"Principal Data Analyst, AV Performance Analysis","Motional","git","United States","189000.0"
310660,"Principal Data Analyst, AV Performance Analysis","Motional","bitbucket","United States","189000.0"
310660,"Principal Data Analyst, AV Performance Analysis","Motional","atlassian","United States","189000.0"
310660,"Principal Data Analyst, AV Performance Analysis","Motional","jira","United States","189000.0"
310660,"Principal Data Analyst, AV Performance Analysis","Motional","confluence","United States","189000.0"
1749593,"Principal Data Analyst","SmartAsset","sql","United States","186000.0"
1749593,"Principal Data Analyst","SmartAsset","python","United States","186000.0"
1749593,"Principal Data Analyst","SmartAsset","go","United States","186000.0"
1749593,"Principal Data Analyst","SmartAsset","snowflake","United States","186000.0"
1749593,"Principal Data Analyst","SmartAsset","pandas","United States","186000.0"
1749593,"Principal Data Analyst","SmartAsset","numpy","United States","186000.0"
1749593,"Principal Data Analyst","SmartAsset","excel","United States","186000.0"
1749593,"Principal Data Analyst","SmartAsset","tableau","United States","186000.0"
1749593,"Principal Data Analyst","SmartAsset","gitlab","United States","186000.0"
387860,"ERM Data Analyst","Get It Recruit - Information Technology","sql","United States","184000.0"
387860,"ERM Data Analyst","Get It Recruit - Information Technology","python","United States","184000.0"
387860,"ERM Data Analyst","Get It Recruit - Information Technology","r","United States","184000.0"
